Bid Success,EPC Vendors,Geography,Historical Quote,Risk
0,Nagarjuna,Haryana,31759,80
0,Gammon,Chhattisgarh,34000,59
0,LNT,Karnataka,36185,38
1,Gammon,Himachal Pradesh,37921,26
1,Gammon,Sikkim,47776,9
0,LNT,Andhra Pradesh,36022,85
0,GMR,Punjab,40744,70
0,Gammon,Assam,48758,42
0,Tata,Himachal Pradesh,25107,28
0,Nagarjuna,Andhra Pradesh,48503,28
0,GMR,Odisha,29473,20
1,GMR,Kerala,46549,10
0,LNT,Andhra Pradesh,34668,30
1,LNT,Nagaland,27819,45
0,Gammon,Goa,29258,13
0,Tata,Himachal Pradesh,47575,65
0,Tata,Maharashtra,33912,26
1,Gammon,Meghalaya,27756,20
0,LNT,Andhra Pradesh,36955,48
0,LNT,Tripura,41676,10
0,LNT,Punjab,45148,89
0,Nagarjuna,Mizoram,34751,58
0,Tata,Telangana,48058,9
0,GMR,Arunachal Pradesh,32087,40
1,Gammon,Telangana,41850,62
1,Gammon,Arunachal Pradesh,42740,51
1,Gammon,Haryana,39124,73
0,GMR,Goa,32053,34
0,GMR,Manipur,34734,19
1,Nagarjuna,Gujarat,25074,56
1,Nagarjuna,Goa,43311,26
1,GMR,Meghalaya,44835,60
0,Tata,Assam,42632,73
1,Nagarjuna,Uttarakhand,29450,61
0,Tata,Uttar Pradesh,45271,69
0,Gammon,Telangana,31601,72
1,LNT,Sikkim,25993,84
0,Nagarjuna,Arunachal Pradesh,34432,15
1,LNT,Punjab,28008,82
1,LNT,Assam,27463,32
1,Gammon,Uttar Pradesh,35020,19
1,Tata,Sikkim,28134,74
1,Tata,Manipur,32487,38
0,Gammon,Jammu and Kashmir,30276,80
0,Nagarjuna,Meghalaya,47596,43
0,LNT,Maharashtra,34610,64
1,Gammon,Nagaland,34467,73
0,Gammon,Rajasthan,45376,8
1,GMR,Telangana,40932,33
0,Gammon,Arunachal Pradesh,38317,6
1,LNT,Meghalaya,36364,84
1,Gammon,Tripura,26157,85
0,GMR,Sikkim,30702,16
0,LNT,Bihar,40819,69
0,Gammon,Himachal Pradesh,26964,32
0,GMR,Nagaland,30566,28
0,Tata,Uttar Pradesh,30013,25
1,LNT,Chhattisgarh,25391,13
1,Gammon,Manipur,48059,51
1,LNT,Andhra Pradesh,26163,47
1,GMR,Jharkhand,41737,20
0,GMR,Telangana,30622,43
0,GMR,Telangana,25687,21
1,GMR,Tamil Nadu,31098,36
0,GMR,Assam,41013,63
1,LNT,Tripura,25476,10
1,Tata,Meghalaya,46899,47
1,LNT,Uttarakhand,28342,52
0,Nagarjuna,Assam,35602,65
0,LNT,Nagaland,46165,40
0,LNT,Andhra Pradesh,47144,57
0,Nagarjuna,Jharkhand,47869,68
0,Gammon,Meghalaya,45748,41
1,Nagarjuna,Bihar,31734,42
0,GMR,West Bengal,26621,75
0,LNT,Tripura,29817,72
0,LNT,Arunachal Pradesh,37409,68
0,Tata,West Bengal,26374,72
1,LNT,Arunachal Pradesh,41598,28
1,Gammon,Uttarakhand,33540,88
0,Nagarjuna,Arunachal Pradesh,30698,34
0,Nagarjuna,Haryana,44388,13
1,LNT,Madhya Pradesh,26467,7
0,Gammon,Goa,32168,59
0,Gammon,Madhya Pradesh,38278,79
0,LNT,Uttar Pradesh,43266,74
0,Gammon,Uttarakhand,30700,15
1,LNT,Telangana,38920,65
0,Gammon,Gujarat,30871,47
0,Tata,Maharashtra,26743,61
0,GMR,Nagaland,49420,45
0,GMR,West Bengal,45298,89
1,Nagarjuna,Tamil Nadu,41265,23
1,GMR,Arunachal Pradesh,27184,29
1,LNT,Karnataka,30553,41
0,GMR,West Bengal,32687,80
1,LNT,Goa,38005,38
1,Tata,Telangana,26853,55
1,LNT,Jharkhand,41195,14
0,LNT,Arunachal Pradesh,26812,89
1,Nagarjuna,Manipur,27823,46
0,Nagarjuna,Assam,43923,72
0,Nagarjuna,Sikkim,45930,82
1,Nagarjuna,Arunachal Pradesh,31719,35
1,LNT,Punjab,29110,72
0,Tata,Manipur,40768,16
0,Gammon,West Bengal,30763,90
1,LNT,Goa,40098,37
1,Gammon,Tamil Nadu,29953,82
1,Nagarjuna,Uttar Pradesh,36897,53
1,LNT,Himachal Pradesh,35315,80
1,GMR,Rajasthan,32076,22
1,Tata,Himachal Pradesh,44982,72
0,Nagarjuna,Telangana,40423,61
1,Nagarjuna,Odisha,49203,84
0,LNT,Chhattisgarh,37821,58
1,Gammon,Bihar,31713,27
1,LNT,Tamil Nadu,39867,57
1,Tata,Gujarat,36191,29
1,Nagarjuna,Punjab,36589,35
0,GMR,Goa,31955,36
1,Nagarjuna,Rajasthan,46284,78
1,GMR,Jharkhand,47747,74
1,Gammon,Maharashtra,39048,65
0,Nagarjuna,Odisha,39468,72
1,Gammon,Bihar,39648,62
1,Nagarjuna,Tamil Nadu,46152,38
1,Nagarjuna,Tamil Nadu,44514,5
0,Gammon,Kerala,44029,53
0,LNT,Haryana,40709,64
0,Tata,Mizoram,47691,52
0,Gammon,Mizoram,36370,52
1,Gammon,Uttar Pradesh,43985,89
1,GMR,Himachal Pradesh,39506,44
0,Gammon,Arunachal Pradesh,41305,12
1,Gammon,West Bengal,43380,20
1,Tata,Jammu and Kashmir,26291,69
1,LNT,Chhattisgarh,29179,51
1,Gammon,Karnataka,45350,16
0,Tata,Karnataka,28952,82
1,Tata,West Bengal,37174,49
1,GMR,Uttar Pradesh,36021,85
1,GMR,Meghalaya,42737,80
1,Nagarjuna,Bihar,46026,26
0,Tata,Manipur,49456,66
1,Tata,Telangana,48403,21
0,Tata,Telangana,28366,54
1,Gammon,Assam,27886,13
1,Gammon,Sikkim,30263,5
0,GMR,Jammu and Kashmir,39516,73
0,LNT,Goa,30777,34
0,Tata,Manipur,31866,44
1,Tata,Sikkim,30557,50
1,Gammon,Jharkhand,49697,28
1,Tata,Himachal Pradesh,38550,77
1,LNT,Jharkhand,26758,66
1,Gammon,Andhra Pradesh,25015,88
1,Nagarjuna,Haryana,48319,81
0,Nagarjuna,Mizoram,44123,36
0,Gammon,West Bengal,33337,20
1,LNT,Arunachal Pradesh,34665,43
0,Gammon,West Bengal,43916,5
0,Tata,Tamil Nadu,45363,12
0,Nagarjuna,Tripura,49740,67
0,GMR,Andhra Pradesh,32152,18
0,LNT,Bihar,37164,56
0,LNT,Rajasthan,34074,83
0,Tata,Chhattisgarh,46073,40
0,Tata,Uttar Pradesh,45199,14
0,GMR,Madhya Pradesh,47738,10
1,Gammon,Jammu and Kashmir,48528,72
1,LNT,Karnataka,44432,45
1,LNT,Andhra Pradesh,38075,72
1,LNT,Jammu and Kashmir,38246,19
0,Tata,Goa,35343,78
0,LNT,Goa,46415,73
0,Tata,Rajasthan,38223,44
0,GMR,Himachal Pradesh,26404,75
0,Nagarjuna,Bihar,29990,83
0,Tata,Uttarakhand,47199,62
1,Gammon,Mizoram,25153,68
1,Tata,Assam,46131,39
0,LNT,Uttarakhand,26468,8
1,Gammon,Andhra Pradesh,47547,71
1,GMR,Madhya Pradesh,39033,50
0,Nagarjuna,Arunachal Pradesh,42174,25
1,GMR,Himachal Pradesh,49912,18
1,Gammon,Tamil Nadu,43361,17
0,Nagarjuna,Maharashtra,35441,65
0,GMR,Karnataka,28323,38
0,Tata,Uttar Pradesh,29838,29
1,Tata,Rajasthan,33294,26
0,GMR,Tripura,40668,9
0,Gammon,Punjab,26281,42
0,Gammon,Tamil Nadu,37436,11
1,LNT,Odisha,34036,18
1,Gammon,Himachal Pradesh,34469,66
0,Tata,Tamil Nadu,42151,87
1,Nagarjuna,Mizoram,40104,41
1,LNT,Arunachal Pradesh,39865,90
1,Tata,Jammu and Kashmir,27810,49
1,Nagarjuna,Uttar Pradesh,32175,68
0,GMR,Goa,32886,65
1,GMR,Himachal Pradesh,43677,10
0,Tata,Himachal Pradesh,49661,81
0,GMR,Himachal Pradesh,32874,13
0,LNT,Andhra Pradesh,28727,84
0,LNT,West Bengal,37729,43
0,Tata,Rajasthan,32371,58
0,Nagarjuna,Assam,36165,12
0,Gammon,Chhattisgarh,47109,23
0,Gammon,Chhattisgarh,41746,73
0,Gammon,Andhra Pradesh,44569,40
1,LNT,Madhya Pradesh,49740,37
0,GMR,Tripura,34539,11
1,Tata,Tamil Nadu,34533,58
1,GMR,Sikkim,31386,78
0,LNT,Madhya Pradesh,45671,24
1,LNT,Uttar Pradesh,26491,85
1,LNT,Madhya Pradesh,44192,58
0,Tata,Bihar,47549,29
0,Gammon,Odisha,46153,70
1,Tata,Bihar,27880,22
1,LNT,Bihar,27800,19
0,GMR,Bihar,40030,38
1,Nagarjuna,Tripura,44313,32
1,Nagarjuna,Madhya Pradesh,46384,58
1,Nagarjuna,Madhya Pradesh,32301,38
0,Gammon,Sikkim,32391,22
1,GMR,Karnataka,35998,88
0,Gammon,Nagaland,29313,89
1,Tata,Uttarakhand,31938,72
0,Gammon,Bihar,46091,62
1,Gammon,Andhra Pradesh,35203,54
0,GMR,Andhra Pradesh,42123,69
1,GMR,Andhra Pradesh,48694,36
0,LNT,Goa,27280,43
0,GMR,Madhya Pradesh,48558,10
1,GMR,Andhra Pradesh,37737,74
1,Nagarjuna,Haryana,46728,8
1,Nagarjuna,Gujarat,39377,18
1,Gammon,Uttar Pradesh,37721,57
1,Tata,Mizoram,31532,12
1,Tata,Madhya Pradesh,36294,41
0,Gammon,West Bengal,29077,58
0,Nagarjuna,Tamil Nadu,27775,13
0,Gammon,Arunachal Pradesh,33774,58
0,Tata,Maharashtra,39653,53
1,Gammon,Madhya Pradesh,38753,42
1,Gammon,Meghalaya,41880,22
0,Tata,Rajasthan,44764,7
1,LNT,Tamil Nadu,40132,54
0,Gammon,Jharkhand,27603,79
1,Gammon,Sikkim,25524,26
1,LNT,Tamil Nadu,41538,34
0,Nagarjuna,Jharkhand,37512,86
1,Gammon,Bihar,35090,12
1,GMR,Assam,37920,35
0,Nagarjuna,West Bengal,38997,78
0,Nagarjuna,Assam,43503,74
0,Tata,Himachal Pradesh,35697,50
0,Nagarjuna,Mizoram,49477,88
0,Nagarjuna,Madhya Pradesh,31544,71
0,Nagarjuna,Uttarakhand,32559,24
0,GMR,Maharashtra,39147,10
0,Nagarjuna,West Bengal,49953,32
0,Gammon,Tamil Nadu,48496,36
1,Gammon,Chhattisgarh,48215,89
1,Gammon,Chhattisgarh,35323,38
1,Tata,Sikkim,47910,11
1,GMR,Meghalaya,45609,21
0,Tata,West Bengal,37002,74
1,GMR,Arunachal Pradesh,35304,67
0,Gammon,Uttar Pradesh,29475,16
1,Nagarjuna,Mizoram,49939,35
1,LNT,Assam,26213,52
0,LNT,Arunachal Pradesh,48354,28
1,Nagarjuna,Karnataka,35779,33
1,GMR,Odisha,29765,23
1,Tata,Odisha,34726,7
1,LNT,Odisha,45148,67
1,LNT,Uttar Pradesh,31231,67
0,Tata,Sikkim,42501,18
1,Nagarjuna,Mizoram,49790,42
0,GMR,Madhya Pradesh,32227,32
1,Nagarjuna,Tamil Nadu,39012,27
0,Gammon,Chhattisgarh,49573,68
1,Nagarjuna,Jammu and Kashmir,46870,70
1,Nagarjuna,West Bengal,35100,42
1,Gammon,Nagaland,44005,45
1,GMR,Karnataka,35418,13
1,Gammon,Bihar,30757,33
1,Gammon,Uttarakhand,27698,30
0,Nagarjuna,Punjab,25688,41
1,Nagarjuna,Uttarakhand,43454,76
0,GMR,Assam,44273,79
0,Tata,Uttarakhand,37053,42
1,GMR,Manipur,28093,44
1,LNT,Tripura,28304,49
0,GMR,Jammu and Kashmir,26415,23
1,Tata,Assam,29005,51
0,Gammon,Andhra Pradesh,34083,51
0,Nagarjuna,Madhya Pradesh,25717,46
1,Tata,Rajasthan,48532,39
1,Tata,Himachal Pradesh,46402,80
1,GMR,Arunachal Pradesh,44048,89
1,GMR,Maharashtra,43208,86
0,Nagarjuna,Karnataka,49781,43
0,Gammon,Uttarakhand,29138,15
0,Gammon,Punjab,41408,75
1,Tata,Karnataka,40988,56
1,Gammon,Punjab,28017,69
0,GMR,Karnataka,37791,81
0,Nagarjuna,Odisha,27503,14
0,Gammon,Andhra Pradesh,48002,65
0,Nagarjuna,Arunachal Pradesh,40299,36
0,Gammon,Kerala,27693,90
0,LNT,Uttar Pradesh,44360,20
1,GMR,Odisha,31545,86
0,Tata,Arunachal Pradesh,40002,9
1,Nagarjuna,Kerala,40501,82
1,LNT,Chhattisgarh,28086,23
1,Nagarjuna,Telangana,32087,9
1,Tata,Tripura,30754,12
0,Tata,Punjab,37291,31
0,LNT,Goa,25833,30
1,Nagarjuna,Mizoram,44548,57
1,Nagarjuna,West Bengal,33365,51
0,GMR,Andhra Pradesh,33908,24
0,Tata,Goa,30299,82
1,Gammon,Assam,33225,86
0,Nagarjuna,Tripura,46214,28
0,Tata,Rajasthan,25460,81
0,Nagarjuna,Madhya Pradesh,43778,12
0,Nagarjuna,Odisha,31243,13
1,Gammon,Madhya Pradesh,42603,52
1,Tata,Manipur,41888,85
1,Nagarjuna,West Bengal,30454,86
1,Nagarjuna,Odisha,33485,70
1,GMR,Haryana,45276,10
0,Gammon,Arunachal Pradesh,27581,77
1,Nagarjuna,Maharashtra,26117,55
1,LNT,Sikkim,31879,14
0,Gammon,Nagaland,33004,44
0,Gammon,Goa,31633,44
1,Tata,Manipur,41368,25
0,GMR,Uttar Pradesh,36199,47
0,Gammon,Manipur,43837,5
0,Tata,Meghalaya,43035,35
0,Tata,Telangana,35927,15
1,Gammon,Bihar,48430,34
1,Tata,West Bengal,25590,66
1,Nagarjuna,Arunachal Pradesh,36103,11
0,GMR,Madhya Pradesh,47494,58
1,Gammon,Andhra Pradesh,47674,64
0,GMR,Bihar,37314,45
0,Nagarjuna,Madhya Pradesh,37802,28
0,LNT,Arunachal Pradesh,37676,55
0,Gammon,Bihar,31795,8
0,LNT,Karnataka,26150,49
0,Nagarjuna,Chhattisgarh,33355,33
1,GMR,Chhattisgarh,40999,28
0,GMR,Mizoram,25004,38
1,Nagarjuna,Jharkhand,44919,41
1,GMR,Kerala,37479,24
0,Nagarjuna,Mizoram,44509,9
0,Nagarjuna,Himachal Pradesh,47002,38
0,GMR,Tripura,33179,30
0,GMR,Kerala,33140,15
0,GMR,Madhya Pradesh,32102,43
1,Gammon,Telangana,45874,37
1,Tata,Haryana,45910,25
0,Tata,West Bengal,36333,29
0,Tata,Gujarat,40493,47
1,Tata,Haryana,39748,54
1,GMR,Gujarat,36136,46
0,GMR,Gujarat,30061,54
1,Gammon,Chhattisgarh,41608,26
0,Nagarjuna,Haryana,29612,65
1,Tata,Assam,40819,86
0,GMR,Uttar Pradesh,25108,13
0,GMR,Uttar Pradesh,29594,65
0,Nagarjuna,Karnataka,27989,38
1,Tata,West Bengal,29051,90
1,LNT,Maharashtra,34853,47
0,Gammon,Madhya Pradesh,33288,61
1,Nagarjuna,Goa,32436,74
1,Gammon,Rajasthan,35616,9
0,Tata,Punjab,47490,16
0,LNT,Karnataka,46525,21
0,Gammon,Gujarat,41169,64
1,Tata,Manipur,43812,11
1,LNT,Uttar Pradesh,36901,23
0,LNT,Rajasthan,46891,22
1,GMR,Manipur,47786,26
0,Nagarjuna,Andhra Pradesh,30263,12
1,GMR,Uttar Pradesh,28389,47
0,LNT,Tripura,33658,57
1,Tata,Odisha,45377,63
0,Tata,Mizoram,43633,89
0,Tata,Haryana,40467,49
0,Gammon,Uttarakhand,42255,51
1,LNT,Telangana,31861,77
0,GMR,Rajasthan,45193,77
0,GMR,Manipur,44361,5
1,Nagarjuna,Rajasthan,25732,52
0,Gammon,Odisha,43808,48
0,Tata,Uttar Pradesh,28199,83
1,Tata,Goa,26118,80
0,LNT,Goa,37871,72
1,Gammon,Sikkim,33951,67
0,Nagarjuna,Andhra Pradesh,33046,47
1,GMR,Karnataka,34648,60
0,Gammon,Kerala,43482,47
0,Tata,Uttarakhand,48266,75
0,GMR,Uttarakhand,32687,27
0,Gammon,Uttar Pradesh,32676,58
1,LNT,Jharkhand,48929,12
0,Gammon,Himachal Pradesh,47532,14
1,Nagarjuna,Bihar,44185,52
1,Gammon,Nagaland,33071,35
1,GMR,Mizoram,46419,14
0,Tata,Bihar,44994,23
1,GMR,Manipur,30205,7
1,LNT,Mizoram,28535,74
0,Gammon,Uttar Pradesh,25726,30
0,LNT,Bihar,33597,30
0,Gammon,Gujarat,40503,56
1,Gammon,Odisha,36411,31
1,Nagarjuna,Tripura,25005,41
0,Nagarjuna,Goa,48128,15
0,Tata,Chhattisgarh,29914,32
1,Tata,Uttarakhand,28717,63
1,Gammon,Tripura,45138,64
0,LNT,Uttar Pradesh,27733,84
0,GMR,West Bengal,45762,65
1,GMR,Jammu and Kashmir,31933,60
1,LNT,Madhya Pradesh,33505,31
0,LNT,Jammu and Kashmir,42164,71
0,Gammon,Uttar Pradesh,34511,47
0,GMR,Kerala,42387,70
0,GMR,Meghalaya,45842,79
0,Tata,Jharkhand,39457,15
0,GMR,Manipur,29698,10
0,Nagarjuna,Rajasthan,44563,41
1,GMR,Goa,43884,11
1,Gammon,Gujarat,48649,38
0,Gammon,Tripura,34859,84
1,Tata,Mizoram,45613,34
0,Tata,Goa,35987,35
1,Nagarjuna,Jammu and Kashmir,34081,46
1,Gammon,Jharkhand,43611,87
1,GMR,Tripura,36795,84
0,Gammon,Andhra Pradesh,46591,68
1,GMR,Himachal Pradesh,36111,70
0,LNT,Nagaland,29299,34
0,Gammon,Jharkhand,28387,89
0,LNT,Bihar,29991,85
1,GMR,Uttar Pradesh,30623,61
0,Gammon,Goa,26577,86
0,Tata,Haryana,46498,28
0,LNT,Goa,48392,76
0,Nagarjuna,Himachal Pradesh,36099,7
1,Tata,Andhra Pradesh,40993,26
0,Tata,Tamil Nadu,32929,24
1,Nagarjuna,Madhya Pradesh,27393,53
0,LNT,Tripura,31658,29
0,Nagarjuna,Uttarakhand,46209,25
0,Tata,Mizoram,32496,7
0,Nagarjuna,Sikkim,33303,52
1,Gammon,Uttarakhand,36343,60
0,Tata,Jharkhand,30346,29
0,LNT,Andhra Pradesh,42901,52
0,Tata,Jammu and Kashmir,29309,76
0,Gammon,Sikkim,28133,18
1,LNT,Andhra Pradesh,39389,78
0,LNT,Manipur,34000,12
1,LNT,Tripura,34102,31
1,LNT,Maharashtra,36564,64
1,Gammon,Jammu and Kashmir,34304,7
0,Tata,Nagaland,33203,8
0,GMR,West Bengal,37206,85
1,Gammon,Mizoram,37547,31
1,Nagarjuna,Uttarakhand,37635,52
1,Nagarjuna,Manipur,26615,44
1,Gammon,Kerala,46603,15
1,LNT,Odisha,35503,31
0,LNT,Arunachal Pradesh,32455,25
0,LNT,Maharashtra,32883,26
0,LNT,Gujarat,36403,36
0,GMR,Rajasthan,41757,17
1,Tata,Manipur,43185,78
0,GMR,West Bengal,30654,69
0,Nagarjuna,Andhra Pradesh,33683,40
1,Tata,Goa,47294,30
1,Nagarjuna,Punjab,28812,88
1,LNT,West Bengal,31868,77
0,Gammon,Sikkim,49973,67
0,GMR,Arunachal Pradesh,34806,67
0,GMR,Punjab,33664,61
1,LNT,Himachal Pradesh,45376,54
1,Tata,Manipur,45534,58
0,GMR,Chhattisgarh,40624,28
0,Gammon,Madhya Pradesh,35165,59
1,GMR,Bihar,31785,90
1,LNT,West Bengal,26543,69
1,GMR,Uttar Pradesh,29709,84
1,Tata,Kerala,41849,21
1,LNT,Karnataka,32917,22
0,GMR,Bihar,30129,71
1,GMR,Haryana,45052,19
0,Gammon,Karnataka,25769,46
0,Gammon,Meghalaya,49637,27
0,LNT,Jharkhand,28621,42
1,GMR,Bihar,47137,87
0,Tata,Meghalaya,31439,34
1,Tata,Jammu and Kashmir,46891,66
1,Tata,Bihar,26526,9
0,Nagarjuna,Madhya Pradesh,30383,46
1,Gammon,Chhattisgarh,46351,78
1,Tata,Haryana,30210,46
1,Nagarjuna,Gujarat,27360,62
0,GMR,West Bengal,28395,57
1,GMR,Kerala,34697,39
0,LNT,Haryana,39604,24
0,Tata,Uttar Pradesh,49764,57
0,GMR,Meghalaya,38392,89
0,Tata,Maharashtra,46454,16
0,LNT,West Bengal,44587,75
0,Gammon,Madhya Pradesh,33236,75
1,GMR,Assam,25462,54
0,GMR,Gujarat,37502,68
1,Gammon,Arunachal Pradesh,46816,66
1,Nagarjuna,Haryana,32226,88
0,LNT,Telangana,32252,51
1,GMR,Rajasthan,30202,59
0,Nagarjuna,Telangana,25315,40
0,GMR,Madhya Pradesh,47933,75
0,Gammon,Rajasthan,41594,73
1,GMR,Haryana,38575,20
1,Gammon,Odisha,41757,67
1,Gammon,Kerala,26934,44
1,Gammon,Uttar Pradesh,44430,63
0,LNT,Rajasthan,49380,62
0,Tata,Meghalaya,41910,54
0,Nagarjuna,Sikkim,31792,57
0,Tata,Nagaland,38408,79
1,Nagarjuna,Assam,46731,45
0,Tata,Tripura,36053,34
0,Tata,Karnataka,42936,56
1,GMR,Gujarat,35376,48
0,GMR,Arunachal Pradesh,28028,74
1,LNT,Madhya Pradesh,25025,80
1,Tata,West Bengal,37927,30
1,LNT,Manipur,36067,9
1,Gammon,Manipur,29055,25
1,Gammon,Uttar Pradesh,44973,31
1,Nagarjuna,Mizoram,31011,9
1,GMR,Jharkhand,39819,63
1,Tata,Telangana,46262,88
1,Tata,Jharkhand,30074,11
1,Tata,Rajasthan,26858,35
0,Gammon,Arunachal Pradesh,47632,33
1,LNT,Mizoram,41761,62
0,GMR,Mizoram,47254,12
0,Tata,Maharashtra,31323,11
0,Nagarjuna,Arunachal Pradesh,41331,48
0,Nagarjuna,Rajasthan,36745,64
0,Gammon,Meghalaya,38094,38
1,Tata,Manipur,39627,58
1,Tata,Meghalaya,28539,27
1,Gammon,Punjab,48025,52
1,Tata,Chhattisgarh,26982,71
1,Tata,Mizoram,27319,15
0,Nagarjuna,Punjab,39189,15
1,GMR,Uttarakhand,35076,49
0,Gammon,Goa,38064,14
1,LNT,Andhra Pradesh,46522,39
1,Nagarjuna,Bihar,46377,81
0,GMR,Telangana,37136,11
0,Gammon,Uttar Pradesh,39374,34
1,Nagarjuna,Bihar,40478,89
1,LNT,Uttarakhand,42533,87
0,Tata,Tripura,48617,48
0,Gammon,Jammu and Kashmir,37164,39
1,LNT,Madhya Pradesh,40138,39
0,Gammon,Gujarat,25092,73
1,Nagarjuna,Karnataka,45903,80
1,Tata,Odisha,42259,66
0,Tata,Haryana,35805,29
1,Tata,Assam,30420,35
1,Gammon,Andhra Pradesh,34601,54
1,Nagarjuna,Tripura,37037,23
0,Nagarjuna,Jharkhand,26687,32
0,Gammon,Karnataka,38891,40
0,GMR,Haryana,43805,20
1,GMR,Chhattisgarh,41465,67
1,Nagarjuna,Kerala,31353,80
1,Tata,Bihar,48929,34
0,Gammon,Maharashtra,28643,73
1,Tata,Manipur,32179,42
1,Nagarjuna,Jammu and Kashmir,43930,15
0,Tata,Odisha,48685,32
1,Tata,Odisha,30594,82
0,Gammon,Nagaland,37775,66
1,Nagarjuna,Manipur,32616,39
0,LNT,Madhya Pradesh,47550,73
1,Nagarjuna,Goa,46662,36
0,Gammon,Uttarakhand,42020,87
1,LNT,Bihar,34226,74
0,Tata,Uttarakhand,35659,82
1,Nagarjuna,Himachal Pradesh,39157,85
1,Nagarjuna,Meghalaya,37929,75
1,GMR,Rajasthan,27086,27
0,GMR,Odisha,30940,13
0,Tata,Tripura,37138,84
0,Tata,Sikkim,49452,50
0,GMR,Uttarakhand,49707,70
1,LNT,Manipur,27554,66
0,Nagarjuna,Goa,26389,37
0,Nagarjuna,Odisha,42392,19
0,Gammon,Karnataka,34109,17
0,GMR,Gujarat,26422,60
0,Nagarjuna,Himachal Pradesh,31271,53
0,Gammon,Karnataka,39363,50
0,Nagarjuna,Mizoram,25635,89
1,Tata,Telangana,28416,88
0,Gammon,Assam,30148,15
1,Gammon,Madhya Pradesh,40127,65
0,LNT,Karnataka,49985,78
0,Nagarjuna,Arunachal Pradesh,27946,8
0,LNT,Maharashtra,31842,12
0,Nagarjuna,Rajasthan,27614,71
1,Gammon,Goa,37422,47
0,Gammon,Kerala,28026,37
1,Nagarjuna,Haryana,26183,68
0,Tata,Jharkhand,28045,26
1,Tata,Punjab,36217,21
1,Nagarjuna,Nagaland,28290,7
1,Gammon,Andhra Pradesh,31317,70
1,Nagarjuna,Kerala,49183,88
0,Gammon,Tripura,38972,18
1,Gammon,Uttar Pradesh,49203,33
1,GMR,Manipur,46324,13
0,Tata,Maharashtra,47012,47
0,LNT,Mizoram,41109,16
1,GMR,Goa,38804,26
0,Nagarjuna,Rajasthan,40437,57
0,Gammon,West Bengal,48193,87
1,Tata,Assam,33956,77
0,Tata,Bihar,48933,88
1,Gammon,Chhattisgarh,49735,86
0,LNT,Uttarakhand,49174,77
1,Nagarjuna,West Bengal,49092,23
1,Gammon,Maharashtra,29636,36
1,LNT,Mizoram,47407,16
1,Gammon,Tripura,34501,26
1,Tata,Tripura,44912,36
0,Nagarjuna,Telangana,32805,52
0,Nagarjuna,Uttar Pradesh,28970,67
0,Gammon,Assam,46758,52
0,Nagarjuna,Arunachal Pradesh,25520,12
0,Nagarjuna,Kerala,41678,76
1,Nagarjuna,Punjab,35936,22
0,LNT,Punjab,25558,69
1,Tata,Maharashtra,26777,52
0,Tata,Gujarat,46688,78
1,Nagarjuna,Sikkim,40418,74
0,GMR,Jharkhand,47837,67
1,GMR,Karnataka,42135,41
0,Gammon,Tamil Nadu,29232,5
1,Tata,Chhattisgarh,35971,41
1,Tata,West Bengal,44626,15
1,Tata,Odisha,31373,42
1,Nagarjuna,West Bengal,34871,39
1,LNT,Jharkhand,40178,65
0,Nagarjuna,Tamil Nadu,31803,16
1,GMR,Goa,32152,5
1,LNT,Tripura,30812,82
1,Nagarjuna,Rajasthan,30558,65
1,GMR,Mizoram,37221,14
1,Nagarjuna,Goa,35496,43
1,Tata,Jammu and Kashmir,46472,85
1,LNT,Goa,43331,76
0,Nagarjuna,Haryana,42829,34
1,Tata,Manipur,34345,38
1,Tata,Telangana,45229,26
1,Nagarjuna,Manipur,48746,17
1,GMR,Jharkhand,31624,63
1,LNT,Sikkim,42350,75
0,LNT,Jammu and Kashmir,35193,17
1,LNT,Madhya Pradesh,33240,30
1,Nagarjuna,Bihar,25672,90
1,GMR,Jharkhand,49673,44
1,LNT,Kerala,46858,90
1,Nagarjuna,Telangana,32280,62
0,Tata,Meghalaya,39356,71
1,LNT,Chhattisgarh,42971,83
1,Gammon,Haryana,32983,8
1,Nagarjuna,Odisha,27978,47
1,Tata,Bihar,25867,66
0,Tata,Telangana,42912,61
0,Nagarjuna,Meghalaya,40046,90
1,Tata,Assam,42947,54
1,Gammon,Assam,40381,51
0,Gammon,Odisha,38441,11
1,GMR,Assam,27000,52
1,Nagarjuna,Jharkhand,39211,30
1,LNT,Uttarakhand,47830,52
1,GMR,Meghalaya,29829,10
1,GMR,Odisha,26977,36
0,Gammon,Jammu and Kashmir,39300,9
0,Tata,Jharkhand,44267,73
0,GMR,Punjab,46981,61
0,GMR,Nagaland,44294,30
0,Tata,Meghalaya,26714,60
1,Gammon,Uttarakhand,28218,71
0,Nagarjuna,Rajasthan,25532,51
0,Gammon,Punjab,33943,47
1,Gammon,Punjab,40050,78
0,GMR,Tamil Nadu,30059,53
0,LNT,Kerala,41370,41
0,GMR,Assam,40939,29
0,LNT,Meghalaya,25322,82
1,GMR,Uttarakhand,45633,50
1,Nagarjuna,Tripura,27152,9
1,Nagarjuna,Bihar,27412,84
0,GMR,Assam,43105,8
0,LNT,Arunachal Pradesh,26442,60
0,Tata,Assam,48509,34
1,Tata,Chhattisgarh,46201,41
0,GMR,Himachal Pradesh,47663,55
1,Tata,Maharashtra,42500,20
0,Tata,Himachal Pradesh,35690,21
0,LNT,Goa,42578,21
0,LNT,Haryana,25735,61
1,Nagarjuna,Uttarakhand,26287,25
0,LNT,Odisha,49693,14
1,Nagarjuna,Jammu and Kashmir,45066,40
1,Gammon,Haryana,48919,85
1,Gammon,Assam,29554,31
0,GMR,Punjab,49418,77
0,Nagarjuna,Telangana,45576,20
0,Nagarjuna,Gujarat,32384,53
1,Tata,Andhra Pradesh,31675,53
0,LNT,Tamil Nadu,35905,68
0,GMR,Rajasthan,37623,42
1,Nagarjuna,Mizoram,49123,53
1,Tata,Uttar Pradesh,25660,34
0,GMR,Odisha,28906,81
0,Tata,Manipur,37939,52
0,Gammon,Gujarat,37738,31
0,LNT,Haryana,28198,52
1,Gammon,Kerala,36250,20
0,GMR,Jharkhand,35384,74
1,GMR,Telangana,25516,30
1,GMR,Kerala,36689,81
1,LNT,Odisha,40635,5
1,Tata,Telangana,28611,32
0,Gammon,Arunachal Pradesh,49072,57
1,Tata,Jammu and Kashmir,45487,61
0,LNT,Mizoram,28695,35
0,Tata,Tamil Nadu,36347,42
0,GMR,Kerala,31386,36
1,Tata,Maharashtra,27215,11
1,Tata,Bihar,29319,25
0,LNT,Uttarakhand,45034,5
1,GMR,Punjab,44979,43
1,GMR,Jharkhand,27292,46
1,Tata,Mizoram,45274,57
1,LNT,Punjab,30227,51
0,Tata,Arunachal Pradesh,25959,49
1,Tata,Sikkim,41018,82
1,Tata,Jharkhand,46846,60
1,Gammon,Tripura,35320,21
1,GMR,Jammu and Kashmir,26410,83
1,LNT,Jharkhand,33441,51
0,GMR,Kerala,35103,90
1,Gammon,West Bengal,48756,57
0,LNT,Haryana,41203,8
1,LNT,Arunachal Pradesh,25018,25
1,Tata,Sikkim,44376,28
0,LNT,Jammu and Kashmir,39725,63
1,Gammon,Rajasthan,26331,70
0,GMR,Gujarat,30165,54
1,Gammon,Tamil Nadu,32859,13
0,LNT,Tripura,42361,59
0,GMR,Haryana,48234,45
1,Nagarjuna,Goa,33299,33
1,LNT,Nagaland,31399,21
1,GMR,West Bengal,34430,44
1,Tata,Karnataka,31492,19
1,GMR,West Bengal,46932,60
1,Tata,Nagaland,33614,44
0,Gammon,Assam,39161,86
1,LNT,Assam,28734,42
1,LNT,Arunachal Pradesh,32368,60
1,Tata,Uttarakhand,45546,30
0,Tata,Karnataka,33426,21
1,GMR,Tripura,26605,85
1,GMR,Punjab,45304,85
0,Nagarjuna,Goa,31619,32
0,GMR,Odisha,35296,6
0,LNT,Odisha,32305,9
0,LNT,Tripura,27431,5
0,Tata,Mizoram,41334,89
1,Gammon,Tamil Nadu,48491,51
1,Nagarjuna,Gujarat,41040,29
0,GMR,Meghalaya,46096,86
1,Tata,Nagaland,29318,13
1,Tata,Himachal Pradesh,29263,62
0,Gammon,Uttarakhand,35453,39
1,Tata,Mizoram,32384,37
1,LNT,Madhya Pradesh,42059,42
1,GMR,Jammu and Kashmir,27784,29
1,Nagarjuna,West Bengal,47032,90
0,LNT,Kerala,38419,88
1,GMR,Maharashtra,38379,85
1,Nagarjuna,Maharashtra,45703,51
1,Nagarjuna,Tamil Nadu,46618,60
1,Nagarjuna,Bihar,48793,21
0,Gammon,Nagaland,25222,69
0,Tata,Jammu and Kashmir,44475,38
0,Gammon,Assam,49229,86
0,LNT,Uttarakhand,30537,39
0,GMR,Meghalaya,29132,11
0,LNT,Mizoram,33798,26
1,GMR,Punjab,33604,17
1,Nagarjuna,Meghalaya,26680,77
0,GMR,Meghalaya,37482,28
1,Nagarjuna,Andhra Pradesh,38432,34
1,LNT,Nagaland,48224,9
1,LNT,Manipur,34987,57
0,Gammon,Sikkim,25116,48
1,Gammon,Tamil Nadu,32207,69
0,Nagarjuna,Jammu and Kashmir,25639,71
1,GMR,Uttar Pradesh,37768,49
0,GMR,Mizoram,26715,27
0,LNT,Assam,37787,59
1,Nagarjuna,Bihar,43463,8
0,Tata,Telangana,26303,20
0,Gammon,Haryana,33913,29
0,Nagarjuna,Uttar Pradesh,25640,60
1,Tata,Goa,43288,16
0,LNT,Himachal Pradesh,28038,84
1,Nagarjuna,Punjab,47882,76
1,GMR,Chhattisgarh,28220,58
0,Tata,Kerala,39810,59
1,Tata,Sikkim,27363,45
1,Nagarjuna,Uttar Pradesh,43684,65
0,Nagarjuna,Himachal Pradesh,37171,18
1,LNT,Sikkim,45869,78
1,GMR,Mizoram,31681,86
0,Gammon,Madhya Pradesh,40162,45
1,Tata,Gujarat,46168,53
0,Nagarjuna,Odisha,39512,42
0,GMR,West Bengal,48247,29
1,Gammon,Tamil Nadu,27188,24
0,Nagarjuna,Uttar Pradesh,42432,23
1,GMR,Rajasthan,49260,39
0,LNT,Jharkhand,28765,38
1,Gammon,Bihar,35814,29
1,Nagarjuna,Maharashtra,33784,39
0,LNT,Jharkhand,38663,66
1,Tata,Telangana,40295,49
1,GMR,Andhra Pradesh,46205,46
1,GMR,Himachal Pradesh,41405,36
0,GMR,Chhattisgarh,42037,58
1,Gammon,Karnataka,33660,32
0,GMR,Mizoram,42719,20
0,GMR,Odisha,35700,77
0,LNT,Himachal Pradesh,43225,41
1,Tata,Andhra Pradesh,46715,29
0,GMR,Jharkhand,33679,56
1,Tata,Jammu and Kashmir,48265,59
1,Tata,Nagaland,48005,36
0,Tata,Kerala,33589,30
1,Tata,Sikkim,44652,39
1,LNT,Bihar,34302,18
0,LNT,Arunachal Pradesh,38108,10
1,GMR,Gujarat,38006,12
0,GMR,Sikkim,26182,76
0,Tata,Kerala,35475,81
1,Nagarjuna,Bihar,43387,37
0,Gammon,Meghalaya,38058,64
0,Gammon,Karnataka,42083,44
0,GMR,Uttar Pradesh,33754,79
0,LNT,Mizoram,36159,69
1,Gammon,West Bengal,39310,29
1,Tata,Jammu and Kashmir,27407,63
1,Nagarjuna,Manipur,48338,33
1,GMR,Uttar Pradesh,27406,47
0,Tata,Haryana,25109,86
1,Gammon,Madhya Pradesh,28174,7
1,Tata,Kerala,32695,70
0,Tata,Gujarat,49813,31
0,LNT,Assam,39643,42
0,LNT,Uttarakhand,25617,30
0,LNT,Uttarakhand,47318,59
1,Gammon,Assam,42749,77
0,Tata,Manipur,31811,49
1,Gammon,Telangana,38209,27
1,LNT,Tamil Nadu,25315,50
1,Gammon,Andhra Pradesh,26515,75
0,Nagarjuna,Sikkim,38011,84
0,Tata,Uttar Pradesh,48530,33
1,Tata,Odisha,26097,38
0,Nagarjuna,Karnataka,47761,70
1,Nagarjuna,Madhya Pradesh,33254,48
0,Gammon,Arunachal Pradesh,38433,26
0,Nagarjuna,Karnataka,35219,41
0,GMR,Maharashtra,37988,41
0,Gammon,Maharashtra,49845,15
0,Nagarjuna,Manipur,42644,19
0,Gammon,Odisha,32911,34
0,LNT,Jharkhand,32684,44
0,Tata,Jharkhand,49741,61
1,LNT,Nagaland,32685,81
0,GMR,Manipur,48377,5
0,LNT,Uttar Pradesh,33462,35
0,LNT,Gujarat,34008,39
1,Tata,Sikkim,48900,13
0,LNT,Tamil Nadu,40562,26
1,LNT,Haryana,42634,70
0,LNT,Tripura,27767,19
1,Nagarjuna,West Bengal,48131,88
1,Gammon,Meghalaya,29784,47
1,Nagarjuna,Chhattisgarh,31001,13
0,GMR,West Bengal,43540,79
1,Gammon,Karnataka,25501,90
0,Gammon,Uttarakhand,42454,55
0,Gammon,Assam,41015,6
1,Tata,Goa,37224,55
0,GMR,Odisha,38535,13
1,GMR,Meghalaya,48757,26
1,LNT,Manipur,36905,20
0,LNT,Nagaland,32380,20
1,Nagarjuna,Jammu and Kashmir,45006,40
1,GMR,Punjab,41901,85
0,Tata,Assam,27189,27
0,LNT,Odisha,41997,22
1,LNT,Andhra Pradesh,39093,49
1,GMR,Haryana,34832,29
0,LNT,Maharashtra,49888,17
0,Nagarjuna,Gujarat,39156,35
0,Nagarjuna,Bihar,49134,35
0,GMR,Andhra Pradesh,33321,48
0,LNT,Assam,35231,79
1,LNT,Telangana,49540,19
1,LNT,Goa,25467,8
0,GMR,Odisha,36195,45
1,LNT,Telangana,48650,83
1,LNT,Assam,34015,69
1,LNT,Nagaland,34653,39
0,Tata,Goa,39536,46
1,Gammon,Maharashtra,43029,32
1,LNT,Meghalaya,41763,59
0,Gammon,Haryana,33705,62
0,Tata,Sikkim,34753,38
1,Gammon,Odisha,28784,38
0,GMR,Kerala,35010,75
0,Tata,Uttar Pradesh,43851,88
1,LNT,Arunachal Pradesh,36562,32
1,Tata,Karnataka,35165,90
0,GMR,Gujarat,48905,20
1,Nagarjuna,Chhattisgarh,41820,24
1,Gammon,Madhya Pradesh,37980,24
1,Gammon,Tamil Nadu,40201,31
1,Tata,Chhattisgarh,26130,45
0,LNT,Madhya Pradesh,28980,43
1,Gammon,Rajasthan,39247,12
1,Nagarjuna,Haryana,29597,75
0,Tata,Karnataka,33242,24
0,LNT,West Bengal,46644,63
0,Nagarjuna,Meghalaya,29068,88
0,Gammon,Goa,31476,81
1,GMR,Meghalaya,26381,84
0,Nagarjuna,Meghalaya,29834,36
0,Nagarjuna,Madhya Pradesh,44861,30
1,Tata,Kerala,27219,15
1,Nagarjuna,Punjab,34298,41
1,Tata,Madhya Pradesh,36427,63
0,GMR,West Bengal,35027,10
0,Tata,Telangana,42317,77
1,Tata,Kerala,43874,59
1,GMR,Karnataka,37253,13
1,LNT,Telangana,36842,48
0,LNT,Meghalaya,32612,34
0,Nagarjuna,Tripura,36020,23
0,GMR,Uttar Pradesh,41467,71
1,Nagarjuna,Jharkhand,28234,54
1,LNT,Odisha,35643,72
1,GMR,Andhra Pradesh,26443,75
0,Nagarjuna,Haryana,42640,10
0,GMR,Tripura,40814,72
1,Tata,Karnataka,36380,30
0,GMR,West Bengal,26046,59
0,GMR,Goa,27015,5
0,Tata,Odisha,42245,60
0,Nagarjuna,Andhra Pradesh,47490,38
1,GMR,Tripura,43531,12
1,Nagarjuna,Tripura,37367,54
0,Gammon,Haryana,28861,55
1,Nagarjuna,West Bengal,46214,15
0,Gammon,Uttarakhand,26374,33
0,LNT,Nagaland,45543,30
1,Tata,Tamil Nadu,48883,8
1,Tata,Uttar Pradesh,30342,53
0,LNT,Chhattisgarh,28529,36
1,GMR,Karnataka,40660,35
1,Nagarjuna,Punjab,37296,29
1,Tata,West Bengal,42894,32
1,Gammon,Assam,37845,64
1,LNT,Tripura,26226,89
1,LNT,Chhattisgarh,40056,88
0,Tata,Maharashtra,46200,19
0,LNT,Haryana,32282,68
1,Gammon,Andhra Pradesh,48641,16
1,GMR,West Bengal,31124,63
1,LNT,West Bengal,44027,15
1,Gammon,Jharkhand,38560,88
0,GMR,Uttarakhand,29319,21
1,Nagarjuna,Bihar,30007,53
1,Tata,Rajasthan,37821,12
0,Tata,Telangana,49162,26
1,Tata,Tripura,47474,6
1,Tata,Rajasthan,28944,78
0,LNT,Manipur,25414,35
1,Tata,Bihar,48763,22
0,Tata,Assam,44306,61
0,GMR,Tripura,36491,15
0,GMR,Kerala,29154,44
1,Nagarjuna,Gujarat,35740,12
1,Tata,Gujarat,47849,67
1,LNT,Meghalaya,36074,53
0,GMR,Kerala,48060,5
0,LNT,Assam,45030,86
0,GMR,Gujarat,45366,22
1,GMR,Goa,41743,72
1,LNT,Himachal Pradesh,40781,37
0,Gammon,Kerala,39182,69
0,Nagarjuna,Punjab,26510,8
1,GMR,Odisha,47715,67
0,GMR,Rajasthan,35140,85
1,Gammon,Jharkhand,44471,34
1,LNT,Mizoram,36802,86
0,LNT,Assam,37799,70
1,Tata,Sikkim,29481,62
0,Tata,Meghalaya,48891,79
0,Nagarjuna,Tripura,33478,73
1,LNT,Arunachal Pradesh,30532,43
1,Tata,Uttar Pradesh,45467,38
0,LNT,Chhattisgarh,30346,86
0,Gammon,Himachal Pradesh,49809,40
1,Gammon,Maharashtra,34903,35
1,Nagarjuna,Jammu and Kashmir,30921,23
1,Nagarjuna,Tamil Nadu,41725,5
1,Tata,Chhattisgarh,49135,54
0,LNT,Tripura,31038,71
0,Tata,Uttarakhand,49794,11
0,Nagarjuna,Sikkim,47468,65
1,Nagarjuna,Madhya Pradesh,44879,52
0,GMR,Maharashtra,25444,56
0,Nagarjuna,Bihar,31360,6
1,LNT,Jammu and Kashmir,26135,89
1,Gammon,Himachal Pradesh,39739,44
1,Gammon,Chhattisgarh,35041,44
1,Nagarjuna,Assam,34012,62
0,GMR,Goa,28785,19
1,Nagarjuna,Odisha,29808,66
1,LNT,Rajasthan,45200,7
0,LNT,Rajasthan,34955,55
0,GMR,Himachal Pradesh,30246,29
1,LNT,Chhattisgarh,41463,15
1,Gammon,Nagaland,31809,83
0,Tata,Madhya Pradesh,46329,62
1,Nagarjuna,Andhra Pradesh,39207,19
0,Tata,Tripura,47398,24
0,Gammon,Gujarat,27943,24
0,Nagarjuna,Telangana,28734,58
0,Gammon,Bihar,45204,56
0,Tata,Meghalaya,25739,82
1,Nagarjuna,Sikkim,32350,36
0,Gammon,Himachal Pradesh,33422,59
1,LNT,Tamil Nadu,31735,59
1,GMR,Manipur,48450,21
0,Tata,Manipur,29480,44
1,Gammon,Nagaland,32990,38
0,GMR,Punjab,43492,84
1,GMR,Maharashtra,27001,19
0,Gammon,Karnataka,40790,10
0,LNT,Maharashtra,32346,5
0,GMR,Kerala,42438,44
0,Gammon,Rajasthan,25354,23
1,Tata,Arunachal Pradesh,47973,66
1,Gammon,Gujarat,27947,28
0,LNT,Tamil Nadu,43540,68
0,Gammon,Manipur,35971,74
1,Nagarjuna,Chhattisgarh,26588,84
1,GMR,Haryana,41181,58
0,LNT,Maharashtra,27316,64
0,Gammon,Jharkhand,26587,37
1,GMR,Andhra Pradesh,32821,41
1,Gammon,Tamil Nadu,46551,8
1,Gammon,Andhra Pradesh,26787,58
0,Nagarjuna,Odisha,34293,32
0,LNT,Chhattisgarh,25140,25
0,GMR,Gujarat,33479,46
0,LNT,Bihar,47438,25
1,LNT,Mizoram,43888,10
1,Tata,Telangana,29961,30
0,Nagarjuna,Haryana,31073,30
1,LNT,Jharkhand,40358,46
0,LNT,Odisha,39531,81
0,GMR,Arunachal Pradesh,42936,13
1,LNT,Uttar Pradesh,26070,57
0,Nagarjuna,Assam,34948,27
0,Nagarjuna,Punjab,25871,74
0,Nagarjuna,Odisha,29389,25
1,LNT,Chhattisgarh,44450,85
1,GMR,Chhattisgarh,38588,19
0,Gammon,Maharashtra,35905,70
0,GMR,Arunachal Pradesh,41724,80
0,GMR,Arunachal Pradesh,43357,13
0,Tata,Uttarakhand,27678,85
0,Tata,Tamil Nadu,29163,18
1,LNT,Uttar Pradesh,28045,77
0,Nagarjuna,Sikkim,43559,24
0,Gammon,Jammu and Kashmir,37504,21
0,Nagarjuna,Madhya Pradesh,27855,21
0,Gammon,Nagaland,28586,71
1,Gammon,Kerala,36674,76
1,LNT,Telangana,34892,77
1,Gammon,Andhra Pradesh,36405,44
0,Nagarjuna,Chhattisgarh,34375,73
1,Nagarjuna,Tripura,49181,59
1,Nagarjuna,Rajasthan,43261,49
0,Nagarjuna,Punjab,43215,71
0,LNT,Tamil Nadu,37587,34
0,Gammon,Punjab,45987,14
1,Tata,Punjab,44307,74
0,Tata,Himachal Pradesh,40128,75
1,LNT,Punjab,49741,65
1,GMR,Maharashtra,36791,25
1,LNT,Madhya Pradesh,41145,26
0,Gammon,Mizoram,33931,33
1,LNT,Uttarakhand,36940,51
1,LNT,Jharkhand,28230,59
0,Nagarjuna,Haryana,46415,82
1,Tata,Tripura,32204,59
1,LNT,Assam,44685,83
0,Nagarjuna,Tripura,39688,5
0,LNT,Arunachal Pradesh,42938,53
0,Nagarjuna,Telangana,27518,57
1,GMR,Kerala,48469,85
0,LNT,Sikkim,39499,65
0,Gammon,Gujarat,36962,65
0,Gammon,Chhattisgarh,41655,81
1,Nagarjuna,Telangana,32805,76
1,LNT,Jharkhand,38718,79
1,GMR,Gujarat,27394,13
1,Nagarjuna,Chhattisgarh,47226,72
0,LNT,Telangana,29182,70
1,Tata,Madhya Pradesh,26589,9
1,Nagarjuna,Uttar Pradesh,47340,45
0,GMR,Goa,42046,8
0,LNT,Arunachal Pradesh,27430,57
1,LNT,Nagaland,31323,39
1,LNT,Meghalaya,43167,7
0,Nagarjuna,West Bengal,49893,65
1,Gammon,Manipur,38335,67
1,Tata,Uttar Pradesh,42945,30
0,Gammon,Bihar,46661,90
0,Tata,Nagaland,45252,61
0,LNT,Meghalaya,30374,64
1,Tata,Assam,29666,83
1,LNT,Jammu and Kashmir,32192,44
0,Gammon,Manipur,37742,32
1,Gammon,Mizoram,48846,32
0,Tata,Bihar,37599,16
0,LNT,Telangana,45028,60
0,LNT,Manipur,36971,25
1,Tata,Assam,32927,22
0,LNT,Uttarakhand,43446,70
1,LNT,Uttarakhand,49058,65
0,Gammon,Andhra Pradesh,40561,29
0,Tata,Karnataka,37729,71
0,Nagarjuna,Madhya Pradesh,40618,53
1,Nagarjuna,Haryana,27272,70
1,GMR,Tripura,37165,84
0,Gammon,West Bengal,46144,80
1,Gammon,Tamil Nadu,35244,41
0,Gammon,Gujarat,36369,50
0,LNT,Maharashtra,28309,29
0,LNT,Nagaland,26460,87
1,GMR,Maharashtra,31851,67
1,Gammon,Haryana,42403,14
0,Gammon,Chhattisgarh,42920,69
0,Nagarjuna,Assam,41636,56
0,LNT,Uttarakhand,47877,44
0,Gammon,Nagaland,45453,52
1,Tata,Punjab,46433,29
1,Tata,Madhya Pradesh,30582,55
1,GMR,Gujarat,45271,56
1,LNT,Punjab,33625,30
0,Gammon,Arunachal Pradesh,37575,55
0,Gammon,Gujarat,33462,63
1,Gammon,Madhya Pradesh,37372,66
0,Nagarjuna,Rajasthan,44726,26
1,Gammon,Himachal Pradesh,27486,32
1,Nagarjuna,Haryana,34812,57
0,Tata,Uttarakhand,28445,69
1,Gammon,Uttar Pradesh,45910,6
1,LNT,Chhattisgarh,35906,61
0,Gammon,Maharashtra,39073,85
1,Tata,Telangana,32508,43
0,LNT,Mizoram,32842,58
0,Gammon,Chhattisgarh,29044,23
1,Gammon,Nagaland,33411,9
1,GMR,Maharashtra,41511,28
0,GMR,Haryana,27363,64
1,Gammon,Arunachal Pradesh,30445,31
0,GMR,West Bengal,27416,59
0,Gammon,Telangana,27655,77
1,Gammon,Uttarakhand,44036,23
0,GMR,Arunachal Pradesh,40727,14
0,GMR,Andhra Pradesh,48111,23
1,Tata,Mizoram,37895,29
1,GMR,Tripura,25457,16
0,LNT,Mizoram,41456,43
0,GMR,Tripura,32805,45
0,LNT,Karnataka,27177,71
1,LNT,Madhya Pradesh,33632,53
0,GMR,Meghalaya,47406,89
1,LNT,Maharashtra,43207,50
1,Tata,Himachal Pradesh,29520,25
0,LNT,Bihar,42570,61
0,Nagarjuna,Telangana,41725,25
1,LNT,Mizoram,25821,24
1,GMR,Nagaland,30760,60
1,GMR,Goa,28602,90
1,GMR,Jharkhand,45257,38
1,LNT,Assam,44839,73
1,Gammon,Madhya Pradesh,27172,42
0,LNT,Chhattisgarh,38658,19
1,LNT,Gujarat,32254,19
0,LNT,Manipur,37861,72
0,LNT,Maharashtra,27120,34
0,Gammon,Manipur,34300,63
1,LNT,Punjab,25961,28
1,Nagarjuna,Bihar,27795,89
1,Tata,Chhattisgarh,31581,29
0,Tata,Nagaland,37044,15
1,Tata,Tripura,30482,72
0,Tata,Mizoram,42584,89
1,Nagarjuna,Madhya Pradesh,45177,27
0,Nagarjuna,Jammu and Kashmir,29108,72
0,GMR,Andhra Pradesh,46411,18
0,GMR,Maharashtra,35856,75
0,Gammon,Andhra Pradesh,42078,47
0,Tata,Goa,25183,36
1,LNT,Karnataka,26347,49
1,Nagarjuna,Nagaland,47115,80
0,LNT,Goa,32892,89
1,LNT,Odisha,32506,51
0,Gammon,Himachal Pradesh,45493,81
0,LNT,Tamil Nadu,26780,8
0,Gammon,Rajasthan,28777,36
0,Gammon,Meghalaya,26856,54
1,Nagarjuna,Uttar Pradesh,35602,62
1,Nagarjuna,Telangana,45336,87
1,GMR,Goa,32533,77
1,Tata,Uttarakhand,41810,5
1,LNT,Telangana,42580,83
0,Nagarjuna,Karnataka,30604,6
0,LNT,Punjab,49766,44
1,LNT,Chhattisgarh,49619,71
1,Nagarjuna,Manipur,39994,36
1,LNT,Jharkhand,38887,59
0,Tata,Meghalaya,27018,59
0,Nagarjuna,Chhattisgarh,29796,53
1,Gammon,Rajasthan,39598,10
0,GMR,Nagaland,43984,16
1,GMR,Bihar,45286,80
0,LNT,Telangana,46592,84
0,LNT,Madhya Pradesh,37882,9
0,Gammon,Karnataka,26046,81
0,Gammon,Gujarat,41099,81
0,LNT,West Bengal,31058,75
1,LNT,Madhya Pradesh,40827,60
1,Gammon,Gujarat,40193,5
0,GMR,Mizoram,32832,45
0,GMR,Jharkhand,47084,60
1,Gammon,Bihar,35367,83
0,Nagarjuna,Jammu and Kashmir,38955,19
1,Nagarjuna,Punjab,41979,57
0,Gammon,Sikkim,31557,48
1,Nagarjuna,Gujarat,43368,70
1,Nagarjuna,Manipur,25559,36
1,Gammon,Bihar,31526,55
1,GMR,Telangana,47875,20
1,LNT,West Bengal,36306,34
1,Tata,Arunachal Pradesh,28355,40
1,LNT,Karnataka,26003,21
1,GMR,Madhya Pradesh,29064,5
0,Nagarjuna,Madhya Pradesh,40705,77
0,Tata,Arunachal Pradesh,49821,27
1,LNT,Assam,42781,50
0,Gammon,West Bengal,46634,16
1,LNT,Assam,48611,81
0,Gammon,Kerala,40726,85
1,Tata,Haryana,49062,86
0,LNT,Meghalaya,44858,13
0,Nagarjuna,Uttarakhand,40092,34
1,Nagarjuna,Bihar,47552,9
0,GMR,Punjab,45178,40
0,Tata,Uttar Pradesh,29844,75
0,GMR,Bihar,38707,88
0,LNT,Assam,33627,50
1,Nagarjuna,Rajasthan,45146,24
1,Nagarjuna,Jammu and Kashmir,44307,23
0,Gammon,Maharashtra,40306,56
0,LNT,Sikkim,30957,48
0,Gammon,Uttarakhand,30044,71
0,Tata,Telangana,47888,48
0,LNT,Meghalaya,45932,80
1,Nagarjuna,Manipur,38662,58
0,Nagarjuna,Karnataka,35935,13
1,GMR,Telangana,27413,60
1,Gammon,Haryana,34169,57
0,Tata,Himachal Pradesh,25270,54
1,GMR,Manipur,27330,44
0,GMR,Mizoram,36007,50
0,GMR,Kerala,25856,24
1,GMR,Bihar,25588,70
1,Nagarjuna,Goa,28536,25
0,Nagarjuna,Nagaland,42961,9
0,Gammon,Uttar Pradesh,34203,42
0,Gammon,Jharkhand,38990,61
0,Gammon,Arunachal Pradesh,29661,66
0,Nagarjuna,Odisha,25149,77
1,Nagarjuna,Nagaland,26646,50
0,Tata,Maharashtra,31868,35
0,Tata,Assam,45020,21
0,Nagarjuna,Mizoram,49929,69
1,Tata,Assam,25358,54
0,LNT,Madhya Pradesh,29769,34
0,Nagarjuna,Assam,38973,27
0,GMR,West Bengal,37558,42
1,Tata,Haryana,44922,54
0,GMR,Mizoram,31749,81
0,GMR,Tamil Nadu,29745,45
1,LNT,Andhra Pradesh,37437,36
1,Tata,Uttarakhand,46644,70
1,GMR,Tamil Nadu,25663,11
1,GMR,Rajasthan,27589,79
0,GMR,Jammu and Kashmir,35070,47
0,GMR,Uttar Pradesh,34926,58
1,Gammon,Karnataka,44745,7
1,GMR,Odisha,46730,5
0,Nagarjuna,Odisha,27765,15
1,GMR,Manipur,32007,90
0,LNT,Uttar Pradesh,41787,9
1,GMR,Rajasthan,31775,35
1,GMR,Sikkim,36524,86
0,Gammon,Nagaland,32485,46
0,Nagarjuna,Rajasthan,27366,90
0,Gammon,Bihar,33662,49
1,Nagarjuna,Tamil Nadu,45815,48
1,GMR,Arunachal Pradesh,42541,47
0,LNT,Chhattisgarh,38721,48
0,LNT,Jharkhand,30027,81
1,Gammon,Assam,26435,45
1,Tata,Meghalaya,37139,58
1,GMR,Gujarat,49341,30
1,LNT,Odisha,42248,28
1,Gammon,Arunachal Pradesh,26420,75
1,GMR,Sikkim,36447,41
1,Tata,Tripura,38562,74
1,Nagarjuna,Jharkhand,26706,70
0,LNT,Nagaland,45479,41
1,Gammon,Kerala,33884,8
1,GMR,Jammu and Kashmir,29508,72
0,Nagarjuna,Tamil Nadu,37670,45
1,GMR,Uttar Pradesh,31376,40
0,LNT,Arunachal Pradesh,38217,20
0,LNT,Manipur,39097,28
1,Gammon,Chhattisgarh,48000,58
0,GMR,Tamil Nadu,37269,58
1,Tata,Kerala,32330,29
0,Tata,West Bengal,26178,90
0,Nagarjuna,Mizoram,43467,49
0,Gammon,Tamil Nadu,49446,51
1,GMR,Telangana,35723,26
1,Tata,Gujarat,26139,79
1,LNT,Gujarat,40341,26
1,Gammon,Madhya Pradesh,38972,76
0,Tata,Meghalaya,37671,73
1,LNT,Jammu and Kashmir,35481,87
1,Tata,Arunachal Pradesh,30988,86
1,GMR,Uttar Pradesh,44889,42
1,LNT,Kerala,41455,12
0,LNT,Assam,40492,25
0,Nagarjuna,Karnataka,29889,74
0,LNT,Maharashtra,26253,43
1,Nagarjuna,Gujarat,32500,19
0,Tata,Uttar Pradesh,49347,48
1,LNT,Tamil Nadu,45365,8
0,LNT,Uttarakhand,43454,14
1,Nagarjuna,Tripura,39068,64
0,Tata,Bihar,28706,71
0,LNT,Manipur,31683,17
0,Gammon,Haryana,37287,25
0,LNT,Telangana,38915,46
0,Nagarjuna,Bihar,42767,5
0,Nagarjuna,Maharashtra,46621,59
1,LNT,Andhra Pradesh,37391,44
1,LNT,Gujarat,36914,54
0,LNT,Jammu and Kashmir,37330,18
1,LNT,Arunachal Pradesh,34134,79
1,LNT,Karnataka,25618,7
1,LNT,Telangana,43640,20
1,LNT,West Bengal,36588,48
1,Tata,Rajasthan,28298,25
1,Tata,Maharashtra,49136,83
1,LNT,Tripura,48042,81
0,Nagarjuna,Punjab,40423,15
1,Gammon,Andhra Pradesh,41296,24
1,GMR,Sikkim,41810,47
0,Gammon,Meghalaya,35229,39
0,Gammon,Uttar Pradesh,35210,21
0,Tata,Jammu and Kashmir,25505,64
0,Tata,Maharashtra,37222,64
1,Gammon,Madhya Pradesh,34184,76
1,LNT,Goa,33277,26
1,Gammon,West Bengal,26271,18
1,Gammon,Bihar,31185,89
0,Nagarjuna,Meghalaya,47440,43
1,Nagarjuna,Andhra Pradesh,31040,71
1,Gammon,Telangana,44452,54
1,GMR,Goa,44734,51
0,Nagarjuna,Sikkim,46373,37
0,Tata,Sikkim,45246,68
0,GMR,Punjab,44091,21
0,Nagarjuna,Punjab,46974,44
0,Tata,Odisha,30663,76
1,Gammon,Madhya Pradesh,35071,72
1,LNT,Tripura,43890,26
1,Tata,Bihar,29131,68
0,Gammon,Himachal Pradesh,47901,31
1,Nagarjuna,Uttar Pradesh,34837,7
0,Gammon,Arunachal Pradesh,25377,69
0,Gammon,Manipur,38741,20
0,Nagarjuna,Goa,48116,34
0,Gammon,Andhra Pradesh,49921,21
1,Nagarjuna,Karnataka,44993,35
1,LNT,Manipur,46667,50
1,LNT,Madhya Pradesh,32251,45
0,Tata,Assam,47949,69
0,Nagarjuna,Karnataka,44840,66
0,GMR,Uttarakhand,35767,19
0,Tata,Haryana,33952,44
1,Gammon,Kerala,40131,25
1,LNT,Telangana,45815,14
0,LNT,Gujarat,44563,53
1,GMR,Madhya Pradesh,31711,41
1,Tata,Rajasthan,48564,47
0,LNT,Bihar,45365,20
1,Gammon,Rajasthan,30417,29
1,Gammon,Chhattisgarh,29138,66
1,GMR,Tamil Nadu,34579,40
1,GMR,Madhya Pradesh,48851,87
0,GMR,Punjab,34953,36
0,GMR,Jammu and Kashmir,33598,19
0,GMR,Manipur,26287,39
0,Gammon,Arunachal Pradesh,48351,16
0,Nagarjuna,Arunachal Pradesh,44687,12
0,Tata,Mizoram,33659,51
0,GMR,Karnataka,46743,63
0,LNT,Uttarakhand,26280,26
1,Tata,Chhattisgarh,38940,34
1,GMR,Mizoram,45158,39
1,GMR,Uttarakhand,41359,70
1,Tata,Mizoram,43688,66
1,LNT,Meghalaya,43385,59
0,Gammon,Andhra Pradesh,31393,33
0,GMR,Gujarat,49320,9
0,GMR,Meghalaya,40235,34
1,LNT,Kerala,48809,82
0,Tata,Punjab,27712,51
1,GMR,Gujarat,35857,5
1,Nagarjuna,Chhattisgarh,27805,22
0,Nagarjuna,Uttar Pradesh,31614,11
0,Tata,Bihar,30488,37
1,Nagarjuna,Goa,42954,39
0,Gammon,Arunachal Pradesh,42140,66
0,Gammon,Uttarakhand,37057,36
1,Gammon,Uttarakhand,32575,5
0,GMR,Manipur,33422,32
1,Nagarjuna,Kerala,41203,28
0,GMR,Karnataka,32332,14
0,Tata,Tamil Nadu,47409,25
0,LNT,Maharashtra,32829,45
0,Gammon,Andhra Pradesh,31424,18
1,Tata,Goa,41176,81
1,LNT,Meghalaya,28623,87
1,Gammon,Manipur,47977,24
1,LNT,Kerala,25880,49
0,Gammon,Telangana,45297,88
0,GMR,Kerala,25861,23
0,Gammon,Nagaland,36360,20
1,Tata,Uttar Pradesh,33011,27
1,Nagarjuna,Kerala,49919,52
1,Tata,Himachal Pradesh,45074,74
1,GMR,Jammu and Kashmir,41632,29
1,Gammon,Haryana,31402,5
1,GMR,Jammu and Kashmir,46573,70
1,Nagarjuna,Tripura,45028,56
0,Tata,Manipur,30161,28
0,GMR,Jharkhand,25216,22
0,Tata,Haryana,47090,66
1,GMR,Chhattisgarh,42853,64
1,Tata,Punjab,47393,58
1,Nagarjuna,Odisha,27275,64
0,GMR,Bihar,41306,33
1,GMR,Uttarakhand,33232,25
1,Nagarjuna,Chhattisgarh,42852,45
1,Nagarjuna,Tripura,43344,72
0,LNT,Mizoram,45525,69
1,Tata,Punjab,38104,29
0,GMR,Mizoram,28174,70
0,LNT,Uttar Pradesh,44596,72
1,LNT,Goa,38562,67
1,Gammon,Jammu and Kashmir,33934,44
1,Gammon,Gujarat,34376,30
1,LNT,Andhra Pradesh,26373,62
1,LNT,Rajasthan,29492,64
0,Gammon,Tripura,48742,14
1,LNT,Uttar Pradesh,28352,15
0,Nagarjuna,Telangana,47486,68
1,LNT,Meghalaya,42990,50
0,GMR,Kerala,38998,63
1,LNT,Karnataka,38053,7
1,Gammon,Maharashtra,39852,62
1,Tata,West Bengal,28247,19
1,GMR,Bihar,47111,42
0,Nagarjuna,Jammu and Kashmir,31528,39
1,Nagarjuna,Jharkhand,25288,27
0,Nagarjuna,Manipur,33672,88
0,Tata,Meghalaya,30358,60
1,LNT,Gujarat,35317,22
1,Tata,Jammu and Kashmir,39912,42
0,GMR,Manipur,43176,24
1,Gammon,Assam,30162,6
1,Gammon,Gujarat,45932,90
1,LNT,West Bengal,41213,69
1,GMR,Manipur,25283,7
1,LNT,Karnataka,49333,10
0,Gammon,Bihar,39844,8
1,LNT,Nagaland,47386,18
1,LNT,Himachal Pradesh,39064,17
0,Nagarjuna,Tripura,36250,56
0,GMR,Uttarakhand,27434,18
1,GMR,West Bengal,46491,82
1,Gammon,Karnataka,25023,90
0,GMR,Goa,42273,78
0,GMR,Karnataka,25955,84
1,GMR,Telangana,32294,17
0,Gammon,West Bengal,26996,22
1,Nagarjuna,Odisha,39309,57
1,LNT,Rajasthan,35530,62
0,Tata,Haryana,47563,47
0,GMR,Karnataka,33957,41
1,GMR,West Bengal,32939,89
0,Nagarjuna,Goa,47842,87
1,LNT,Meghalaya,28159,23
1,Nagarjuna,Gujarat,28010,73
0,GMR,Haryana,26742,15
0,Nagarjuna,Manipur,48743,87
0,Tata,Nagaland,36892,28
1,Nagarjuna,Meghalaya,49008,65
1,Nagarjuna,Karnataka,47419,74
1,Tata,Haryana,31891,23
0,Nagarjuna,Uttarakhand,41698,85
1,Tata,Madhya Pradesh,30562,15
1,GMR,Sikkim,33665,83
0,Gammon,Uttar Pradesh,41784,74
1,Nagarjuna,Uttar Pradesh,47903,64
0,Nagarjuna,Rajasthan,25603,29
1,GMR,Manipur,39738,75
0,LNT,Uttar Pradesh,29214,52
0,GMR,Uttar Pradesh,32573,31
1,GMR,Karnataka,25173,35
0,LNT,Mizoram,35100,52
1,LNT,Uttar Pradesh,49974,23
0,Tata,Kerala,34192,48
0,LNT,Madhya Pradesh,44925,8
1,Tata,Uttarakhand,25157,67
1,LNT,Jammu and Kashmir,37638,12
0,GMR,Meghalaya,35471,43
1,Nagarjuna,Kerala,30863,48
1,Nagarjuna,Uttar Pradesh,41991,90
0,Gammon,Odisha,26266,22
0,Tata,Himachal Pradesh,49162,61
0,GMR,West Bengal,36460,56
1,Nagarjuna,Kerala,27175,68
1,LNT,Haryana,38985,43
1,Nagarjuna,Karnataka,30177,27
1,LNT,Andhra Pradesh,41256,51
0,Nagarjuna,Himachal Pradesh,41381,59
1,GMR,Assam,42004,39
0,Tata,Uttar Pradesh,28455,67
0,LNT,Odisha,37139,32
1,Tata,Bihar,30678,36
0,Gammon,Sikkim,43993,34
1,Nagarjuna,Andhra Pradesh,35067,5
0,Gammon,Jharkhand,45768,31
0,Gammon,Arunachal Pradesh,49945,83
0,GMR,Tripura,46409,25
1,Tata,Goa,42913,10
0,Nagarjuna,Mizoram,41415,30
1,Gammon,Mizoram,43949,77
1,Nagarjuna,Himachal Pradesh,31255,16
0,GMR,Madhya Pradesh,25360,28
1,Tata,Telangana,26855,75
0,Gammon,Punjab,25835,43
1,Gammon,Telangana,40122,6
1,Nagarjuna,Punjab,42524,11
0,Nagarjuna,Mizoram,26808,53
0,LNT,Kerala,44185,60
1,Nagarjuna,Manipur,30478,62
0,GMR,Goa,46027,60
1,Nagarjuna,Uttarakhand,38900,87
0,Nagarjuna,Haryana,25702,37
1,GMR,Goa,45295,24
0,Nagarjuna,Meghalaya,36276,41
1,Gammon,Tripura,30771,51
1,Tata,Andhra Pradesh,38746,59
0,LNT,Telangana,48086,37
0,Tata,Karnataka,25797,73
0,Nagarjuna,Uttarakhand,39695,32
1,LNT,Tamil Nadu,40175,33
0,Tata,Gujarat,25699,72
0,Nagarjuna,Nagaland,27336,80
0,Tata,Mizoram,37561,39
0,Gammon,Bihar,35658,64
0,GMR,Nagaland,47730,80
0,Nagarjuna,Madhya Pradesh,43097,16
1,LNT,Uttar Pradesh,48179,53
0,Tata,Punjab,43006,80
1,Gammon,Mizoram,42147,62
0,LNT,Madhya Pradesh,46006,77
1,Nagarjuna,Karnataka,31941,24
1,Nagarjuna,Himachal Pradesh,33296,73
0,Tata,Odisha,28318,58
1,Tata,Mizoram,39047,22
1,LNT,Maharashtra,39834,51
0,Gammon,Rajasthan,37148,42
1,Gammon,Himachal Pradesh,43683,24
1,LNT,Assam,33886,68
1,GMR,Punjab,32193,46
1,Nagarjuna,Sikkim,39991,47
0,GMR,Tripura,44028,15
1,Gammon,Odisha,30876,88
1,LNT,Himachal Pradesh,27624,65
1,LNT,Haryana,38072,8
0,Tata,Assam,29948,82
0,LNT,Maharashtra,31076,33
1,LNT,West Bengal,47152,34
1,Tata,Tripura,47071,35
0,GMR,Nagaland,48258,10
1,Nagarjuna,Haryana,28193,22
1,GMR,Chhattisgarh,25805,70
1,Nagarjuna,Andhra Pradesh,32430,56
1,Nagarjuna,Goa,26013,62
1,Gammon,Goa,40666,54
0,LNT,Jammu and Kashmir,46412,63
0,Tata,Manipur,29950,78
0,LNT,Telangana,28976,79
0,LNT,Arunachal Pradesh,38989,25
0,Nagarjuna,Andhra Pradesh,41081,21
0,LNT,Manipur,25643,85
1,Tata,Madhya Pradesh,46849,68
0,Nagarjuna,Jammu and Kashmir,30575,68
1,Nagarjuna,Assam,25525,22
0,GMR,Punjab,47348,69
0,Tata,Uttar Pradesh,47450,29
0,Nagarjuna,Kerala,29304,74
1,GMR,Punjab,31133,18
1,Tata,Karnataka,29633,16
0,Nagarjuna,West Bengal,27580,66
1,Gammon,Gujarat,33158,31
0,Nagarjuna,Uttar Pradesh,32048,62
0,GMR,Meghalaya,49728,56
0,Gammon,Bihar,35242,43
0,Gammon,Assam,48883,84
1,LNT,Gujarat,35883,87
1,LNT,Gujarat,30632,49
1,GMR,Meghalaya,31795,88
0,LNT,Mizoram,37393,61
1,Gammon,Madhya Pradesh,49868,29
0,Tata,Jharkhand,46992,29
0,Tata,Manipur,42677,35
0,Gammon,Chhattisgarh,26352,9
0,Nagarjuna,Mizoram,44936,44
1,GMR,Uttar Pradesh,28536,13
1,Tata,Jharkhand,48558,42
1,GMR,Arunachal Pradesh,35745,90
0,Gammon,Assam,48766,56
0,Gammon,Sikkim,30778,74
1,Nagarjuna,Haryana,41286,20
1,Gammon,Bihar,37928,41
1,Nagarjuna,Maharashtra,34678,34
0,Nagarjuna,Punjab,46067,88
1,LNT,Tripura,44519,74
1,GMR,Goa,36977,24
1,LNT,Rajasthan,43907,44
1,GMR,Jharkhand,31157,32
0,GMR,Kerala,38103,84
0,Gammon,Tripura,37873,84
0,Tata,Andhra Pradesh,31899,9
0,LNT,Bihar,34605,83
0,Tata,West Bengal,37150,80
0,Tata,West Bengal,39146,53
0,Tata,Sikkim,40976,65
0,Gammon,Goa,26992,73
0,LNT,Rajasthan,26504,15
0,Gammon,Telangana,30216,72
1,Nagarjuna,Uttarakhand,29679,72
1,LNT,Karnataka,36118,17
0,LNT,Maharashtra,47908,54
0,GMR,Tripura,39189,89
1,Gammon,Rajasthan,33420,85
1,Gammon,Nagaland,26549,10
0,Nagarjuna,Madhya Pradesh,40337,58
1,Tata,Kerala,44194,31
1,Tata,Odisha,29794,37
1,GMR,Uttar Pradesh,43932,9
1,GMR,Jharkhand,26210,85
0,Gammon,Jharkhand,27165,21
0,LNT,Sikkim,37689,31
0,GMR,Uttar Pradesh,45809,57
1,LNT,Uttarakhand,35952,76
1,GMR,Jammu and Kashmir,26021,23
1,Nagarjuna,Rajasthan,49039,68
0,LNT,Manipur,30657,18
1,Tata,Mizoram,27178,56
1,Tata,Nagaland,42488,11
1,GMR,Tamil Nadu,46131,13
1,Gammon,Maharashtra,25847,10
0,Gammon,Arunachal Pradesh,42004,48
1,Gammon,Rajasthan,29047,62
0,LNT,Odisha,29838,56
0,Gammon,Maharashtra,27583,87
1,Gammon,West Bengal,27853,85
0,GMR,Bihar,39573,59
0,Nagarjuna,Kerala,27806,18
0,Tata,Telangana,28521,15
1,Nagarjuna,Bihar,39768,30
1,LNT,Kerala,28922,28
1,Gammon,Arunachal Pradesh,38421,88
0,LNT,Haryana,28657,38
1,GMR,Himachal Pradesh,38960,77
0,LNT,Kerala,40319,68
0,Tata,Arunachal Pradesh,33902,35
0,GMR,Assam,34499,8
0,Tata,Manipur,35561,12
0,GMR,Sikkim,35925,85
0,Gammon,Andhra Pradesh,47075,50
1,GMR,Odisha,39792,67
0,LNT,Sikkim,43049,60
0,Nagarjuna,Gujarat,46888,13
0,Tata,Jharkhand,28606,51
0,Gammon,Uttarakhand,47729,78
1,Tata,Chhattisgarh,38780,60
0,Nagarjuna,Assam,32178,47
1,Nagarjuna,Jharkhand,33920,17
0,Tata,Jharkhand,47866,48
0,Tata,Uttar Pradesh,28809,15
1,LNT,Manipur,38618,22
0,GMR,Uttar Pradesh,44075,40
1,GMR,Mizoram,44645,7
0,LNT,Tripura,25453,84
1,Tata,Telangana,36366,57
0,Gammon,Punjab,45013,56
0,LNT,Assam,36221,43
1,Tata,Mizoram,38267,9
1,LNT,Meghalaya,39572,28
1,Nagarjuna,Goa,42476,33
1,GMR,Himachal Pradesh,39115,19
1,Tata,Odisha,41882,52
1,GMR,West Bengal,26027,46
0,LNT,Uttar Pradesh,32220,16
0,GMR,Haryana,44296,45
1,Tata,Odisha,31553,74
1,Tata,Karnataka,44802,67
0,Tata,Arunachal Pradesh,29304,55
1,GMR,Himachal Pradesh,34988,22
1,Nagarjuna,Telangana,46710,19
1,Gammon,Rajasthan,26115,42
0,GMR,Goa,30335,49
1,LNT,Haryana,28980,83
1,LNT,Mizoram,38156,12
1,Nagarjuna,Assam,25077,29
1,Nagarjuna,Meghalaya,29363,11
0,LNT,Manipur,41252,77
1,GMR,Goa,35423,13
1,LNT,Meghalaya,43665,55
0,LNT,Manipur,34405,56
1,Nagarjuna,Rajasthan,35924,12
1,Tata,Gujarat,37595,14
0,Nagarjuna,Maharashtra,44176,36
0,Gammon,Nagaland,31757,90
0,LNT,Madhya Pradesh,34888,84
0,Tata,Manipur,28031,65
0,Nagarjuna,Manipur,49433,70
0,GMR,Odisha,40551,32
0,Tata,Madhya Pradesh,49824,43
1,Gammon,Haryana,36273,47
0,Gammon,Telangana,49941,23
0,Gammon,Goa,43101,67
0,LNT,Kerala,42245,38
1,LNT,Uttar Pradesh,28759,66
1,Nagarjuna,Bihar,32033,7
0,Nagarjuna,Uttar Pradesh,36530,17
0,LNT,Telangana,42581,79
0,Nagarjuna,Uttar Pradesh,46118,71
0,Nagarjuna,Arunachal Pradesh,33035,50
0,LNT,Assam,44314,20
1,GMR,West Bengal,31878,63
0,GMR,Arunachal Pradesh,41385,7
1,Nagarjuna,Uttar Pradesh,30484,35
0,Nagarjuna,Meghalaya,41616,61
0,GMR,Manipur,40682,46
1,Tata,Uttarakhand,49667,39
0,Tata,Andhra Pradesh,33450,50
1,GMR,Telangana,39056,85
0,GMR,Nagaland,45458,70
1,Gammon,Gujarat,47752,85
1,GMR,Meghalaya,41758,23
0,GMR,Jharkhand,49882,59
0,LNT,Kerala,43118,9
0,GMR,Rajasthan,33887,74
1,Gammon,Goa,29681,89
1,Gammon,Manipur,43810,88
0,GMR,Jharkhand,46219,42
1,Nagarjuna,Bihar,45919,16
0,Gammon,Sikkim,44970,24
1,LNT,Manipur,43616,10
0,LNT,Punjab,38731,78
0,LNT,West Bengal,25176,26
0,Gammon,Manipur,49466,32
1,Tata,Andhra Pradesh,34650,18
0,GMR,Uttar Pradesh,37263,35
0,Nagarjuna,Punjab,48414,5
1,LNT,Arunachal Pradesh,45247,9
0,Nagarjuna,Odisha,48650,35
0,GMR,Rajasthan,35974,58
1,Gammon,Nagaland,47434,87
1,LNT,Meghalaya,35372,49
1,Gammon,Punjab,42728,54
0,Tata,Chhattisgarh,26735,78
0,Gammon,Himachal Pradesh,38779,89
0,Tata,West Bengal,43077,89
1,GMR,Manipur,48727,25
1,Nagarjuna,Arunachal Pradesh,46731,54
0,GMR,Gujarat,26835,16
1,Gammon,Andhra Pradesh,35393,43
1,Gammon,Tamil Nadu,38199,86
0,LNT,West Bengal,40394,61
0,Tata,Karnataka,27744,84
1,Nagarjuna,Karnataka,27348,89
0,Tata,Assam,42403,36
1,Gammon,Sikkim,28848,10
0,Gammon,West Bengal,35290,11
1,Nagarjuna,Tripura,27788,72
0,LNT,Telangana,38618,35
0,Gammon,Gujarat,31371,21
0,Tata,Madhya Pradesh,27746,14
0,Nagarjuna,Assam,31649,36
1,GMR,Gujarat,34982,12
1,Nagarjuna,Jharkhand,47223,28
1,GMR,Punjab,38100,30
1,GMR,Karnataka,46935,66
1,GMR,Himachal Pradesh,28297,46
0,GMR,Assam,45821,60
0,Tata,Manipur,33085,88
0,LNT,Maharashtra,32881,52
1,Gammon,Gujarat,28432,8
0,Gammon,Uttarakhand,47783,52
0,LNT,Jharkhand,30586,27
0,Tata,Uttarakhand,47818,37
0,LNT,Arunachal Pradesh,39022,37
1,Tata,Haryana,47670,18
1,LNT,Goa,47896,61
1,Tata,Haryana,31740,55
0,Nagarjuna,Maharashtra,37657,19
0,Gammon,Jammu and Kashmir,41619,83
1,LNT,Tripura,45765,34
0,Gammon,Meghalaya,41470,49
0,LNT,Himachal Pradesh,28742,71
1,Nagarjuna,Himachal Pradesh,49623,46
0,Tata,Tamil Nadu,45827,49
1,Tata,Andhra Pradesh,31109,61
0,Gammon,Uttarakhand,32807,13
0,LNT,Himachal Pradesh,42161,55
1,Tata,Uttarakhand,37735,79
1,Nagarjuna,Nagaland,43347,28
0,Nagarjuna,Karnataka,28215,34
0,LNT,Punjab,32659,44
0,Tata,Chhattisgarh,25893,23
0,LNT,Madhya Pradesh,40889,62
0,Gammon,Nagaland,39876,23
1,Nagarjuna,Punjab,37407,28
1,GMR,Karnataka,36485,49
1,Gammon,Arunachal Pradesh,43295,89
0,Gammon,Arunachal Pradesh,39905,40
1,Gammon,Jammu and Kashmir,42930,48
1,GMR,Tripura,39332,76
0,Tata,Jammu and Kashmir,37087,8
1,Tata,Tripura,40338,86
0,Gammon,Madhya Pradesh,28503,18
1,Gammon,Gujarat,32531,46
1,Tata,Meghalaya,31445,42
1,Tata,Tripura,33720,7
0,LNT,Jammu and Kashmir,45606,47
1,GMR,Nagaland,43823,69
0,Nagarjuna,Tamil Nadu,43799,69
0,Tata,Manipur,43954,33
1,Nagarjuna,Nagaland,35307,27
0,Gammon,Himachal Pradesh,39737,61
0,Nagarjuna,Tripura,25339,10
1,GMR,Uttar Pradesh,28517,47
0,LNT,Maharashtra,42054,33
1,Gammon,Haryana,38261,23
1,GMR,Haryana,49938,71
1,Gammon,Gujarat,40275,50
0,Nagarjuna,Chhattisgarh,48689,33
1,Gammon,Arunachal Pradesh,42278,48
0,Gammon,Jammu and Kashmir,47524,15
1,Nagarjuna,Meghalaya,33407,62
1,GMR,Jharkhand,41767,74
1,Gammon,Jharkhand,38762,18
1,LNT,Jharkhand,43610,42
1,Tata,Uttarakhand,42513,25
1,LNT,Nagaland,38520,39
0,GMR,Jammu and Kashmir,28728,32
0,Tata,Manipur,29196,86
0,Gammon,Karnataka,40038,88
0,Nagarjuna,Maharashtra,26840,82
1,Gammon,Rajasthan,48355,34
1,Nagarjuna,Punjab,38898,54
0,Nagarjuna,Arunachal Pradesh,30327,53
0,Nagarjuna,Arunachal Pradesh,39429,45
0,GMR,Mizoram,41886,17
1,Gammon,Nagaland,32108,76
1,Nagarjuna,Karnataka,32095,30
1,Gammon,Gujarat,25468,34
0,GMR,Bihar,32566,61
0,Nagarjuna,Kerala,49704,42
1,Nagarjuna,Odisha,37619,86
1,Nagarjuna,Sikkim,37881,86
0,LNT,Karnataka,40203,26
1,Tata,Andhra Pradesh,30764,47
0,LNT,West Bengal,42931,13
1,Nagarjuna,Nagaland,30035,65
0,Gammon,Jharkhand,28273,15
1,Nagarjuna,Jharkhand,30639,89
1,GMR,Karnataka,48254,64
0,LNT,Mizoram,38478,82
0,GMR,Uttar Pradesh,36723,53
0,Gammon,Uttar Pradesh,39909,70
1,Tata,West Bengal,46254,15
0,Gammon,Sikkim,46563,19
0,Tata,Arunachal Pradesh,30249,42
0,LNT,Kerala,30545,81
1,Tata,Madhya Pradesh,45634,8
1,Gammon,Uttar Pradesh,49417,71
0,Nagarjuna,Haryana,37859,27
1,Gammon,Nagaland,36995,80
0,LNT,Haryana,32645,86
0,Gammon,Bihar,37976,70
1,GMR,Uttar Pradesh,29234,82
0,GMR,Arunachal Pradesh,35351,69
1,LNT,Tripura,41821,89
0,Tata,Jammu and Kashmir,39842,57
0,Tata,Tamil Nadu,41241,64
0,LNT,Assam,48578,19
1,Tata,Karnataka,35154,6
0,Nagarjuna,Meghalaya,37641,67
1,Gammon,Uttarakhand,33184,20
1,GMR,Bihar,48939,15
0,LNT,Jharkhand,33191,80
0,Tata,Nagaland,36766,38
1,GMR,Andhra Pradesh,32562,52
1,Tata,Goa,34147,48
0,Tata,Maharashtra,44866,90
0,Nagarjuna,Assam,48624,61
0,Nagarjuna,Arunachal Pradesh,39974,62
0,LNT,West Bengal,30347,46
